Set,Solve,Yiheng,Yiheng_final,Yiheng_DNF,Xuanyi,Xuanyi_final,Xuanyi_DNF,Margin,Timeout_before,timeout_by,Winner,race_number,abs_margin,phase,yiheng_penalty,xuanyi_penalty,set_winner,match_score_after_set,rolling_margin,y_race_score,x_race_score
1,1,4.45,4.45,0,4.96,4.96,0,-0.51,0,,Yiheng,1,0.51,Before 4-1,False,False,Xuanyi,0–1,-0.16,1,0
1,2,3.79,3.79,0,3.6,3.6,0,0.19,0,,Xuanyi,2,0.19,Before 4-1,False,False,Xuanyi,0–1,0.19,1,1
1,3,3.97,3.97,0,3.76,3.76,0,0.21,0,,Xuanyi,3,0.21,Before 4-1,False,False,Xuanyi,0–1,0.19,1,2
1,4,3.87,3.87,0,5.36,5.36,0,-1.49,0,,Yiheng,4,1.49,Before 4-1,False,False,Xuanyi,0–1,0.21,2,2
1,5,4.54,4.54,0,3.55,3.55,0,0.99,0,,Xuanyi,5,0.99,Before 4-1,False,False,Xuanyi,0–1,0.99,2,3
2,1,5.74,5.74,0,4.3,4.3,0,1.44,0,,Xuanyi,6,1.44,Before 4-1,False,False,Xuanyi,0–2,0.99,0,1
2,2,3.93,3.93,0,5.42,5.42,0,-1.49,0,,Yiheng,7,1.49,Before 4-1,False,False,Xuanyi,0–2,0.14,1,1
2,3,4.15,4.15,0,4.01,4.01,0,0.14,0,,Xuanyi,8,0.14,Before 4-1,False,False,Xuanyi,0–2,0.14,1,2
2,4,18.45,18.45,0,4.46,4.46,0,13.99,0,,Xuanyi,9,13.99,Before 4-1,False,False,Xuanyi,0–2,1.57,1,3
3,1,5.03,5.03,0,3.46,3.46,0,1.57,0,,Xuanyi,10,1.57,Before 4-1,False,False,Yiheng,1–2,1.57,0,1
3,2,3.27,3.27,0,4.65,4.65,0,-1.38,0,,Yiheng,11,1.38,Before 4-1,False,False,Yiheng,1–2,-0.34,1,1
3,3,3.9,3.9,0,4.24,4.24,0,-0.34,0,,Yiheng,12,0.34,Before 4-1,False,False,Yiheng,1–2,-0.34,2,1
3,4,3.72,3.72,0,3.82,3.82,0,-0.1,0,,Yiheng,13,0.1,Before 4-1,False,False,Yiheng,1–2,-0.1,3,1
4,1,6.23,6.23,0,4.52,4.52,0,1.71,0,,Xuanyi,14,1.71,Before 4-1,False,False,Xuanyi,1–3,0.8049999999999999,0,1
4,2,,,1,5.01,5.01,0,,0,,Xuanyi,15,,Before 4-1,False,False,Xuanyi,1–3,0.40499999999999997,0,2
4,3,4.1,4.1,0,5.0,5.0,0,-0.9,1,Yiheng,Yiheng,16,0.9,Before 4-1,False,False,Xuanyi,1–3,0.02999999999999997,1,2
4,4,4.7,4.7,0,3.74,3.74,0,0.96,0,,Xuanyi,17,0.96,Before 4-1,False,False,Xuanyi,1–3,0.93,1,3
5,1,4.42,4.42,0,3.49,3.49,0,0.93,0,,Xuanyi,18,0.93,Before 4-1,False,False,Xuanyi,1–4,0.93,0,1
5,2,4.05,4.05,0,3.92,3.92,0,0.13,0,,Xuanyi,19,0.13,Before 4-1,False,False,Xuanyi,1–4,0.13,0,2
5,3,4.97,4.97,0,5.16,5.16,0,-0.19,0,,Yiheng,20,0.19,Before 4-1,False,False,Xuanyi,1–4,0.13,1,2
5,4,5.55,5.55,0,3.75,3.75,0,1.8,0,,Xuanyi,21,1.8,Before 4-1,False,False,Xuanyi,1–4,-0.19,1,3
6,1,3.99,3.99,0,4.38,4.38,0,-0.39,0,,Yiheng,22,0.39,Comeback,False,False,Yiheng,2–4,-0.39,1,0
6,2,5.17,5.17,0,5.64,5.64,0,-0.47,0,,Yiheng,23,0.47,Comeback,False,False,Yiheng,2–4,-0.39,2,0
6,3,3.59,3.59,0,3.75,3.75,0,-0.16,0,,Yiheng,24,0.16,Comeback,False,False,Yiheng,2–4,-0.16,3,0
7,1,5.42,5.42,0,4.46,4.46,0,0.96,0,,Xuanyi,25,0.96,Comeback,False,False,Yiheng,3–4,-0.16,0,1
7,2,4.36,4.36,0,5.4,5.4,0,-1.04,0,,Yiheng,26,1.04,Comeback,False,False,Yiheng,3–4,-1.04,1,1
7,3,3.83,3.83,0,5.26,5.26,0,-1.43,0,,Yiheng,27,1.43,Comeback,False,False,Yiheng,3–4,-1.04,2,1
7,4,3.97,3.97,0,4.57,4.57,0,-0.6,1,Xuanyi,Yiheng,28,0.6,Comeback,False,False,Yiheng,3–4,-0.6,3,1
8,1,4.08,4.08,0,4.4,4.4,0,-0.32,0,,Yiheng,29,0.32,Comeback,False,False,Yiheng,4–4,-0.6,1,0
8,2,3.96,3.96,0,4.95,4.95,0,-0.99,0,,Yiheng,30,0.99,Comeback,False,False,Yiheng,4–4,-0.32,2,0
8,3,6.34,8.34,0,3.85,3.85,0,4.49,0,,Xuanyi,31,4.49,Comeback,True,False,Yiheng,4–4,-0.66,2,1
8,4,3.91,3.91,0,4.57,4.57,0,-0.66,0,,Yiheng,32,0.66,Comeback,False,False,Yiheng,4–4,-0.63,3,1
9,1,4.48,4.48,0,5.11,5.11,0,-0.63,0,,Yiheng,33,0.63,Comeback,False,False,Yiheng,5–4,-0.66,1,0
9,2,4.33,4.33,0,5.72,5.72,0,-1.39,0,,Yiheng,34,1.39,Comeback,False,False,Yiheng,5–4,-0.63,2,0
9,3,5.43,5.43,0,3.84,3.84,0,1.59,0,,Xuanyi,35,1.59,Comeback,False,False,Yiheng,5–4,0.05,2,1
9,4,4.69,4.69,0,4.64,4.64,0,0.05,0,,Xuanyi,36,0.05,Comeback,False,False,Yiheng,5–4,0.05,2,2
9,5,3.84,3.84,0,5.56,5.56,0,-1.72,0,,Yiheng,37,1.72,Comeback,False,False,Yiheng,5–4,-0.835,3,2
