Set,Solve,Yiheng,Yiheng_final,Yiheng_DNF,Xuanyi,Xuanyi_final,Xuanyi_DNF,Margin,Timeout_before,timeout_by,Winner
1,1,4.45,4.45,0,4.96,4.96,0,-0.51,0,,Yiheng
1,2,3.79,3.79,0,3.6,3.6,0,0.19,0,,Xuanyi
1,3,3.97,3.97,0,3.76,3.76,0,0.21,0,,Xuanyi
1,4,3.87,3.87,0,5.36,5.36,0,-1.49,0,,Yiheng
1,5,4.54,4.54,0,3.55,3.55,0,0.99,0,,Xuanyi
2,1,5.74,5.74,0,4.3,4.3,0,1.44,0,,Xuanyi
2,2,3.93,3.93,0,5.42,5.42,0,-1.49,0,,Yiheng
2,3,4.15,4.15,0,4.01,4.01,0,0.14,0,,Xuanyi
2,4,18.45,18.45,0,4.46,4.46,0,13.99,0,,Xuanyi
3,1,5.03,5.03,0,3.46,3.46,0,1.57,0,,Xuanyi
3,2,3.27,3.27,0,4.65,4.65,0,-1.38,0,,Yiheng
3,3,3.9,3.9,0,4.24,4.24,0,-0.34,0,,Yiheng
3,4,3.72,3.72,0,3.82,3.82,0,-0.1,0,,Yiheng
4,1,6.23,6.23,0,4.52,4.52,0,1.71,0,,Xuanyi
4,2,,,1,5.01,5.01,0,,0,,Xuanyi
4,3,4.1,4.1,0,5,5,0,-0.9,1,Yiheng,Yiheng
4,4,4.7,4.7,0,3.74,3.74,0,0.96,0,,Xuanyi
5,1,4.42,4.42,0,3.49,3.49,0,0.93,0,,Xuanyi
5,2,4.05,4.05,0,3.92,3.92,0,0.13,0,,Xuanyi
5,3,4.97,4.97,0,5.16,5.16,0,-0.19,0,,Yiheng
5,4,5.55,5.55,0,3.75,3.75,0,1.8,0,,Xuanyi
6,1,3.99,3.99,0,4.38,4.38,0,-0.39,0,,Yiheng
6,2,5.17,5.17,0,5.64,5.64,0,-0.47,0,,Yiheng
6,3,3.59,3.59,0,3.75,3.75,0,-0.16,0,,Yiheng
7,1,5.42,5.42,0,4.46,4.46,0,0.96,0,,Xuanyi
7,2,4.36,4.36,0,5.4,5.4,0,-1.04,0,,Yiheng
7,3,3.83,3.83,0,5.26,5.26,0,-1.43,0,,Yiheng
7,4,3.97,3.97,0,4.57,4.57,0,-0.6,1,Xuanyi,Yiheng
8,1,4.08,4.08,0,4.4,4.4,0,-0.32,0,,Yiheng
8,2,3.96,3.96,0,4.95,4.95,0,-0.99,0,,Yiheng
8,3,6.34,8.34,0,3.85,3.85,0,4.49,0,,Xuanyi
8,4,3.91,3.91,0,4.57,4.57,0,-0.66,0,,Yiheng
9,1,4.48,4.48,0,5.11,5.11,0,-0.63,0,,Yiheng
9,2,4.33,4.33,0,5.72,5.72,0,-1.39,0,,Yiheng
9,3,5.43,5.43,0,3.84,3.84,0,1.59,0,,Xuanyi
9,4,4.69,4.69,0,4.64,4.64,0,0.05,0,,Xuanyi
9,5,3.84,3.84,0,5.56,5.56,0,-1.72,0,,Yiheng